Name,License Number,Date of Birth,Address
Sarah Holmes,H8512-17865-80806,08/06/1968,"8874 Thomas Creek Suite 670, North Willieville, MB V1H1X4"
Willie Watkins,W2777-46644-21014,10/14/1932,"65097 Smith Shores, North Luis, MB G4X 7B7"
David Torres,T2773-27449-40106,01/06/2004,"223 Pierce Crest, Lake Robert, PE M4M1G8"
Carlos Nichols,N7098-90888-90103,01/03/1979,"26413 Carter Land, Port Kyle, BC P7B3H4"
Heather Watkins,W9466-17517-10429,04/29/1941,"56632 Krueger Shores, North Joshuaton, ON G9J7J6"
Madison Dillon,D4903-35173-91108,11/08/1979,"110 Jose Gardens, Port Krystal, NS N6K 9A2"
Antonio Moreno,M4476-18523-50310,03/10/1975,"86368 Tina Grove, Lake Evelyn, NL S4N9R8"
Carmen Maxwell,M3121-93190-20823,08/23/1982,"690 Amanda Well, East Tina, PE H1J8K4"
Scott White,W8880-33101-40813,08/13/1974,"99437 Love Track, Port Jessicatown, NT B5M6R6"
Edward Sparks,S5731-60071-80910,09/10/1968,"96205 Larson Ramp, Bookerburgh, SK S3Y3T6"
Stephanie Smith,S3022-44806-80530,05/30/1998,"7888 Baker Streets Apt. 378, Martinezshire, AB X7E9V4"
Albert Harris,H7615-98306-21123,11/23/2002,"229 Lee Camp, North Annehaven, QC Y6A2G2"
Tina Johnston,J2300-51605-01106,11/06/1950,"28245 Christine Trace Apt. 186, New Amber, AB K1G5T5"
Kathleen Wells,W8948-67212-91113,11/13/1949,"4610 Julie Alley Suite 321, West Nancyland, YT E1K 4A4"
Cheryl Hansen,H4783-13262-60130,01/30/1996,"0081 Kevin Village Apt. 775, North Ebony, YT T6X 5G1"
Donna Bray,B8852-32828-70606,06/06/1987,"60056 Crane Knolls, Lake Kellyberg, SK K2C 2Y8"
Justin Thompson,T9688-6044-01129,11/29/1960,"95996 Mooney Shoal Suite 085, Rasmussenview, SK K7N 7X6"
Steven Goodman,G3985-58920-70718,07/18/1947,"78087 Castro Street Suite 879, Smithborough, MB L1E 6H6"
Michele Tyler,T1521-35086-50731,07/31/1975,"5026 Ewing Crest, Bobbyborough, YT P2R2H9"
Michelle Moore,M5763-82859-00121,01/21/1990,"75758 Lisa Roads Apt. 622, South Rogermouth, NT V3Y9J3"
Heather Duran,D1597-10322-80524,05/24/1948,"109 Miranda Ways Apt. 294, Humphreyport, SK H3L7G3"
Michelle Robles,R8969-6973-50619,06/19/1985,"05490 Carlos Canyon, Thorntonmouth, NU M1R 1V4"
Betty Taylor,T4051-22232-00815,08/15/2000,"0661 Rodgers Passage, Port Feliciaton, NS L8H 1G2"
Veronica Brown,B5416-80066-20620,06/20/1972,"00435 Benjamin Flats Suite 234, Lisamouth, YT J8C2N9"
Kevin Miller PhD,M9080-97973-51204,12/04/1965,"60337 Marc Squares, Lake Tylerbury, PE K9S 9P5"
Brandon Steele,S2302-39470-60109,01/09/1976,"000 Andrade Valley, Munozbury, SK H6Y3V8"
Sonia Anthony,A604-25668-71225,12/25/1987,"5133 Diaz Forges Suite 214, Riveraberg, YT J3A 4M5"
Thomas Clark,C7278-72827-80209,02/09/1938,"777 Perez Isle Apt. 333, East William, QC R8V 5V1"
Joseph Jackson,J9486-33718-00314,03/14/1980,"02768 Sarah Village Suite 340, West Robertstad, BC T9B 5L7"
Nathan French,F6992-52729-51220,12/20/1995,"9054 Adams Land, Port Jenna, MB A8Y 7B2"
Tammy Castillo,C904-15872-40801,08/01/1974,"334 Proctor Forges, East Thomas, MB N8C 4H1"
Douglas Hebert,H7034-87590-31215,12/15/1993,"24068 Roman Key, Parkhaven, NU E8J 6N9"
Christopher Roman,R1210-3453-00412,04/12/1950,"32320 Anderson Row Apt. 752, Samanthaton, ON P7H9T4"
Eduardo Holland,H8051-31767-50717,07/17/1935,"0861 Michelle Prairie, New Jane, QC H4V 5V7"
Crystal Brewer,B7745-21665-00606,06/06/1950,"60143 Brooks Causeway, Port Victor, NL A3R 4M7"
Kaitlyn Schultz,S3720-41605-50602,06/02/1945,"92686 Jennifer Canyon, Lake Randy, ON H9B1P9"
Douglas Owens,O9734-54510-50216,02/16/1965,"7680 Steven Row, Kathyview, NT V7P9L9"
Dr. Andrew Franklin,A4657-80846-10510,05/10/1941,"7818 Walters Stravenue, Lauraborough, NB P4Y1V6"
Anthony Miller,M5700-13584-90716,07/16/1969,"863 Olson Hill, Jacksonborough, ON M1N 4E8"
Kari Wilson,W2642-5009-61204,12/04/1956,"935 Brent Groves, New Gilbert, MB K1Y 1C4"
Rose Robinson,R9824-79925-40718,07/18/1984,"67379 Sara Tunnel Suite 243, North Kyle, MB N3E 9C2"
Andrea Lawrence,L86-47645-10506,05/06/1941,"65603 Eric Passage, Erictown, MB E7R2E2"
Greg Hardy,H2606-30947-91104,11/04/1969,"335 Sharp Brook Apt. 245, Tammyfurt, NT J7V7P2"
Joshua Hoffman,H8411-67745-11006,10/06/1961,"63534 Galvan Islands, Lake Crystal, NL K8X 7N3"
Alicia Brown,B8660-80090-70705,07/05/1947,"603 Mclaughlin Plaza Apt. 977, South Kevinfort, MB H6E 9Y7"
Cameron Norman,N3022-85896-90528,05/28/1999,"864 Sutton Stream, Leslieton, ON C1M 9R5"
Henry Murphy,M6581-66493-21122,11/22/1982,"009 Ricardo Trail Suite 857, Mclaughlinborough, SK Y6T 2S5"
Kristen Jones,J3452-66357-20801,08/01/1972,"6878 Becker Lakes Suite 510, East Jessica, ON H9J5G6"
Jason Jones,J1678-40142-90410,04/10/1979,"21046 Christine Circle Apt. 133, Adammouth, YT J1K3M7"
Lee Watson,W9521-58877-21108,11/08/2002,"209 Justin Junctions, New Kristamouth, MB T2M9E7"
Joshua Schmitt,S8587-70779-70608,06/08/1977,"4490 James Terrace Suite 838, Campbellmouth, NB K2A9L3"
Andrea Ford,F716-54285-70921,09/21/1937,"76698 Tim Cliffs Apt. 282, North Gregorybury, BC B4S8B3"
Nicole Edwards,E3486-40560-50903,09/03/1935,"0363 Harper Courts Suite 998, New Darrell, PE H5C 4S9"
James Harper,H5029-14855-80316,03/16/1938,"85937 Smith Court, Rodriguezstad, NL B6K6K9"
Hunter Clarke,C2091-4469-50331,03/31/1975,"220 Rodney Freeway Suite 278, East Kevinshire, NB A2E7S1"
Geoffrey Cummings,C5974-2110-90811,08/11/1969,"7490 Sanchez Harbor Apt. 760, East Brooketon, AB S9Y4G6"
Kenneth Reyes,R6570-30766-60708,07/08/1986,"027 Colleen Points, Hernandezport, NB N7N 1V1"
Sandra Thomas,T3746-86527-40118,01/18/1974,"9627 Kim Spring Apt. 796, South Kaitlyn, NS R9H5E1"
Matthew Hart,H9777-66617-71127,11/27/1937,"4888 Ramos Lodge, Donaldton, BC R4K9J9"
Jonathan Cline,C5447-13828-50922,09/22/1935,"1882 Smith Spring, New Jimmyhaven, NT S1C1Y9"
Gregory Reed,R6011-21231-20327,03/27/1952,"57536 Williams River Apt. 279, Port Patrick, QC N2S 6S3"
William Meyer,M8054-42769-90515,05/15/1989,"473 Morales Ports Apt. 755, South Brittanychester, ON P5T3R1"
Tracey Wagner,W5073-95781-40102,01/02/1934,"4019 George Village, Mayomouth, AB Y7Y5Y9"
Christine Whitaker,W8103-34494-10101,01/01/1941,"29206 Cheryl Courts Suite 316, New Robertstad, MB H9N 8T8"
Angela Bell,B2418-35962-00203,02/03/1950,"005 Hanson Corners, Jasonton, MB M8B9K5"
Jason Rice,R2741-4851-60814,08/14/1956,"0396 Wyatt Ways Apt. 847, South Joel, NB R1A 3Y9"
Chase Christensen,C2602-39417-71130,11/30/1977,"8878 Kristie Parkway, Port Lance, NT E8G8R4"
Nicolas Moore,M8214-12542-40601,06/01/1964,"17209 Melissa Pine, Riveraside, QC S2E 1C8"
Jacob Wyatt,W2662-79519-30109,01/09/1953,"964 Taylor Way Suite 432, Brettberg, BC K4A5M4"
Jeffrey Martinez,M1298-99672-80728,07/28/1978,"548 Juarez Station Apt. 806, West Nicole, ON S5Y2H5"
Jeffery Mccarty,M9221-90119-41014,10/14/1954,"5482 Carter Extensions, Lake Rodneyhaven, SK T9H2N3"
Jay Jones,J7230-72454-80202,02/02/1978,"75582 Brandi Forge, Wrightborough, QC L9H 7G8"
Kelly Livingston,L6857-29044-40321,03/21/1974,"04582 John Run Apt. 121, Denisehaven, ON A1K 6G7"
Sherri Johnson,J2840-62637-40929,09/29/2004,"5879 Shelby Prairie Apt. 349, Mcbridechester, MB G5K 5N3"
Ronald Kelly,K6677-41173-81024,10/24/1998,"051 Shelby Inlet, North Melanie, AB A2G5M9"
Jose Monroe,M3567-96790-40413,04/13/1934,"69700 Larry Mountains, Port Luis, QC N1V 4R2"
Rachel Long,L2716-70201-81203,12/03/1938,"253 Jeffrey Bridge, Lake Destinyton, ON S6A7R7"
Brittany Duffy,D7417-91109-50320,03/20/1965,"64101 Hebert Land, New Samuel, BC S4K6Y2"
David Frederick,F5959-59326-41102,11/02/1974,"7074 Walker Crossroad, Marissashire, NU N3A7Y2"
Christopher Cardenas,C3117-22981-30416,04/16/1963,"8698 Kathryn Parkway Suite 078, Lake Rickyland, NT N2L4R7"
Jennifer Colon,C7300-23688-20412,04/12/1982,"356 Kenneth Oval, Port Dianemouth, BC V6V 6G1"
Victoria Houston,H9431-72966-20821,08/21/1962,"157 Ross Square, South Allison, MB N3A9E2"
Gabriel Wong,W7302-45124-60123,01/23/1966,"11868 Alison Street, Roseshire, YT J1C2G7"
Frank Watkins,W3458-55580-01210,12/10/1940,"6501 Myers Islands Suite 282, Andrewton, NU B2E3R1"
Kara Rhodes,R7997-81635-10821,08/21/2001,"389 Carter Junctions Apt. 534, South Nicole, SK T1A 2B8"
Matthew Hall,H7362-61963-51028,10/28/1975,"5638 Chelsea Row, Carolfurt, NT Y5S4Y9"
Megan Hunter,H9684-43840-00727,07/27/1960,"6222 Martin Forest, Lake Brandon, SK Y3V4N1"
Lori Glover,G3909-65155-80208,02/08/1978,"012 Robinson Roads Suite 141, New Kathryn, NS K7T 5J3"
Ann Obrien,O8382-6323-10215,02/15/1961,"70625 Roberts Fort Apt. 591, North Henrybury, PE X9G6R3"
Elijah Mcdowell,M1014-57315-91114,11/14/1979,"225 Ronald Hill, Danielside, YT T5B 7Y8"
Matthew Brooks,B2663-34986-00301,03/01/2000,"86597 Tiffany Mill, Marshallport, YT L1K 7P8"
Joshua Sanchez,S3170-56809-40111,01/11/1934,"086 Howard Mountain Apt. 552, Stevenchester, BC X5L 5J4"
Kelsey Hendricks,H869-63782-20801,08/01/1982,"95560 Torres Plaza Suite 469, East Michelleshire, AB M3R 5H4"
Matthew Harvey,H5709-1983-80309,03/09/1998,"9199 Brianna Rest Suite 491, Jimborough, NB A8C6P2"
Hannah Reese,R9398-90426-90510,05/10/1959,"85758 Hale Crest Suite 717, North Kevinfurt, PE X5R 5K3"
Dustin Jordan,J1846-74106-01019,10/19/1990,"667 Pamela Roads, Josephberg, QC N2K 3R6"
Terrance Mcgrath,M1503-20730-30322,03/22/1993,"233 Brown Cove, East Joann, NU R7P 4T6"
Tyler Villarreal,V3840-35115-90429,04/29/1969,"15276 Garcia Park Apt. 362, Nelsonfort, PE R1V 1Y3"
Crystal Hernandez,H4502-73883-40518,05/18/1974,"41243 Munoz Rapid Apt. 240, West Larryton, BC A3G9M9"
Jason Thomas,T8994-95421-90819,08/19/1959,"101 Christopher Grove Suite 653, East Jerrychester, NS B3Y4P4"
