Name,Random Number
Tammy Berger,8294-53-1019
Michael Lopez,709-2-7595
Tara Hampton,6 48 497
Eric Edwards,23-3-7
Whitney French,70-556-26
Tim Martinez,8130-13-1
Amanda Suarez,79-584-0
Jessica Vaughn,303-585-2
Dave Evans,9324 6943 191
Katrina Foley,738-850-378
Cynthia Gordon,9-8995-8
Kerri Chung,6110-6-7038
Kyle Russell II,44 597 40
Kristine Mills,2599-54-47
Erin Osborne,0-523-625
Randy George,52 888 24
Vincent Russell,889-399-1
Dale Waters,67-129-71
Steven Diaz,887 93 94
Julie Diaz,10-9-33
Stephanie Davidson,74-4024-5563
Cynthia Hernandez,1 8374 640
Isaac Johnson,7-138-1249
Michael Hernandez,1 20 5086
Crystal Mack,0 461 7
Paul Duncan,48 697 1447
Elizabeth Reyes,2 708 741
Karen Logan,3663-4-468
Hannah Lane,5086-912-7
Jeffery Jackson,15 8592 74
Joel Ruiz,836 2 14
Richard Hodges DDS,30-47-15
Ashley Nelson,479 352 19
Victor Coffey,6 217 55
Crystal Mueller,6 25 1
George Snow,1-642-633
Jessica Gardner,13 6608 88
Brian Hernandez,37-95-876
Randy Jackson,2 5 8239
Jesse Snyder,644 87 157
Blake Lee,74 5 8
Madeline Arias,5486-49-467
Sydney Collier,8098 5 61
Trevor Hernandez,83 8 9570
Linda Acevedo,4 174 374
Dawn Patel,5 8 5979
Sarah Johnson,9 816 7
Victoria Smith,86-1-49
Benjamin Rosario,3822-549-20
Catherine Drake,2059-72-1
Tiffany Smith,704 3 9
Martha Butler,7-26-7
Richard Foster,83-1-17
Mark Bradley,3874-33-3822
Lori Armstrong,4-99-4791
Paul Waller,985-5546-0
Robert Ramirez,7 96 77
Dana Snyder,85-969-2
Katherine May,58 46 460
Mrs. Suzanne Jackson,9919 533 71
Shannon Williams,29-39-3
Christine Gaines,93 642 3
Michelle Johnson,48 16 26
Rachael Lawson,7-54-425
Dr. Tammy Carr,74 21 4657
Erin Williams,1-3-2626
Kimberly Henry,7 32 1500
Ms. Laurie Carter,64 765 8
Crystal Lester,75-104-88
Robert Browning,7283-63-4
Brandon Smith,8-4-7
David Stafford,5-2069-678
Gregory Stevens,3-4592-26
Glenda Herrera,39 9 259
Sharon Lucas,3 6 2
Dr. Brandon Chen,9 101 4
Ryan Campos,570-3729-23
Michael Ray,7325-875-428
Patricia Collins,4387-8-80
Kurt Reyes,4 2 1
Jennifer Stone,391-3774-175
Anthony Arnold,441-134-6231
Elizabeth Russo,73-27-986
Michael Evans DDS,1 58 717
Sarah Paul,1397 956 7482
April Roach,3 88 7
Amanda Delacruz,989-19-8
Joseph Wilson,347 12 5
Andrea Smith,8852-8-35
Jeffery Green,908-23-3670
Ian Rogers,1569-286-4
Thomas Herrera,2-5961-0
Anthony Sanchez,6 3187 11
Theresa Nelson,55-6-6
Shawn Cruz,64 1008 870
Brianna Navarro,3187 902 706
Miss Tonya Smith,234 92 42
Julie Williams,8940 619 4578
Elizabeth Hogan,868-3-990
Jake Allen,5-36-2
