Name,License Number
Derrick Cook,C5137-90769-00221
Jessica Ho,H4558-75735-70318
Mary Smith,S3728-13943-61106
Bruce Gordon,G3349-60673-50121
Michelle Mcknight,M6790-74701-20730
Paul Brown,B3207-63383-61031
Mallory Carter,C5497-508-60613
Keith Ramirez,R6981-90370-70720
Gregory Lee,L4003-63504-10918
Holly Gonzalez,G7380-37867-10520
Eric Patel,P7533-82775-00607
Anthony Hughes,H4705-58454-70421
Taylor Diaz,D2204-11832-11212
Brianna Jackson,J3615-74648-31225
Kelly Taylor,T5531-6109-60109
Sean Norman,N9113-40731-30401
Kathleen Haynes,H623-61297-50324
Antonio Mosley,M3340-416-20106
Susan Bailey,B198-21840-11129
Jon Fitzpatrick,F6851-17188-30716
Shane Castro,C1364-73179-90428
Miranda Wilson,W1337-91609-10306
Becky Sloan,S2638-31821-50826
Jason Dixon,D8886-94949-30928
Jeremy Hill,H447-54545-60315
Lisa Beck,B4773-19902-80409
Thomas Williams,W8003-19442-40225
Angela Decker,D7374-46088-30125
Jeffery Holmes,H1097-13116-80102
Erin Roberts,R3694-62440-90624
Tommy Hill,H5636-59957-90126
Paige Mack,M5831-73863-61217
Karen Skinner,S347-11670-60520
Kayla Petersen,P7206-75135-00125
Curtis Rose,R9690-98714-80907
Raymond Mccullough,M8985-53910-80828
Kyle Walton,W8132-70128-00624
Melissa Decker,D4717-87811-20614
Mark Bennett,B6367-15121-10628
Jessica Reynolds,R3872-80430-20510
Jason Davenport,D1843-98163-41029
Sarah Chen,C7214-89947-10222
Ashley Warner,W965-30681-90810
Alexis Patrick,P4533-80685-70828
Edward Nelson,N4880-33880-40903
Tammy Reid,R2488-1535-00325
David Brown,B571-90421-51224
Angela Beltran,B207-93124-40910
Diana Watson,W781-97310-30803
Thomas Graves,G8345-47344-31013
Michele Bryant,B1383-52811-70725
Ronald Leonard,L5104-55677-40709
Joseph Sullivan,S992-45553-40209
David Branch,B6320-18807-70529
David Howe,H4963-9849-71104
Marc Stevens,S7610-23231-70505
Christopher Oliver,O2021-64504-10409
Courtney Copeland,C2990-94390-10429
Jonathan Ortiz,O5269-30425-30327
Julie Walsh MD,W3449-98774-81214
Margaret Parker,P6907-42676-61211
Dr. Peter Warren,P5624-74877-51114
Tiffany Bernard,B5119-20834-90304
Natalie Acosta,A4-7305-10211
Nicholas Cochran,C5961-28716-30123
Tara Murray,M3100-88630-71115
Michael Klein,K1299-41059-80903
Jacob Young,Y9165-23182-00221
Jill Benson,B1105-7226-70805
Angela Farmer,F4004-21716-90128
Ariel Wilson,W2304-49503-41107
Donna Jimenez,J1109-52962-90123
Kara Yang,Y9859-49755-40710
Jose Ibarra,I2384-29820-70528
Patricia Brandt,B857-62706-80127
Christopher Reyes,R3391-27933-50119
Bruce Cooper,C1362-71341-90506
Michael Beck,B2078-94909-50224
Danielle Marquez,M1289-20472-21030
Brent Hill,H2388-7178-70613
Jason Wells,W3605-80279-40723
Madison Clark,C3973-99534-50127
Kelly Payne,P7787-78422-50323
Bryan Larson,L5327-99660-10901
Charles Mcconnell,M8281-92197-21006
Sherri Daniel,D9157-73894-90127
Peter Daniels,D66-14745-00711
Hannah Reid,R6146-30291-40228
Gina Long,L8645-93567-30130
Kenneth Cohen,C2775-82211-80920
Brenda Burgess,B3632-20719-90604
Judith Richardson,R8600-19336-40319
Linda Hughes,H483-35586-20128
Linda Morrison,M7492-2553-70622
Michael Rodriguez,R5369-95828-01001
Eugene Davidson,D611-72317-71026
William Johnson,J4941-1149-70517
Edward Davis,D948-75048-80915
Claire Watkins,W9893-70235-50515
Joseph Potter,P7594-65045-80309
