Name,SIN,Date of Birth,Address
Adam Lozano,164 899 548,09/18/1981,"3975 Bell Row, North Kelseychester, SK E5J5E9"
Jason Robinson,735 333 942,03/17/1988,"9448 Mathis Run Apt. 417, Walltown, AB Y3A 3B3"
Leslie Dennis,761 471 394,10/31/1951,"50608 Norris Rapids Suite 001, Port Ryan, ON H8X4V9"
Joseph Mullen,492 423 618,04/20/1955,"7317 Hicks Lakes, Hatfieldchester, SK X9T 5R7"
Kevin Jones,565 582 885,06/12/1986,"30592 Bray Station, Port Stephanie, BC G8V9A6"
Logan Black,582 161 759,04/18/2002,"859 Harris Corner Suite 422, Brownland, ON H7E 7N9"
Rebecca Kramer,754 508 629,10/04/1955,"8181 Helen River Apt. 918, Soliston, BC B4N 9L6"
Amanda Aguilar MD,454 263 742,06/16/1973,"029 Stewart Prairie Apt. 984, Port Marie, NB G3P 3Y4"
Kathleen Hensley,322 178 198,01/16/1988,"786 Stacey Rest Suite 503, Woodsville, BC P1G1M8"
Vicki Jimenez,868 728 865,01/13/2005,"65876 Olivia Circles, East Malikville, ON M7G5L3"
Patricia Townsend,691 274 265,04/20/1959,"34596 Kristina Gateway Suite 391, North Carolineview, YT Y4M 8J5"
Darryl Carter,347 768 347,02/06/1942,"865 Courtney Pike, Conniemouth, QC G1K 6V5"
Nathan Levine,944 891 848,08/30/1954,"6715 Ellis Meadows Apt. 289, Sarahmouth, NL B2C 9X2"
Isaac Tran,765 564 985,04/27/1967,"4711 Tiffany Hills Apt. 857, Harrisland, PE V3N6V2"
David Lee,472 388 621,10/01/1972,"98889 Kelly Drives Suite 908, Port Paula, NB J6R 5H2"
Kimberly Trevino,047 914 317,06/21/1933,"374 Emily Plains Suite 453, Smithmouth, YT T7A 5L4"
Mike Barrett,809 825 685,12/14/1972,"2479 Faith Plains, Shannonchester, BC N4S 3B5"
Jamie Page,444 437 146,05/28/1993,"833 James Knoll Apt. 239, New Troyfurt, NS E9K2B3"
Jenna Cook,380 020 405,04/06/1952,"12157 Chad Turnpike, West Lisa, QC J7S 8N3"
James Edwards,186 059 087,04/24/1994,"4206 Kelli Dam, Francisville, YT C1H 6S7"
Robert Barajas,490 699 893,02/27/1966,"595 Hoover Via, Michaelberg, NL P6B5R8"
Ashley Cobb,640 416 629,04/02/1966,"91147 Brenda Crossing, East Mariah, AB A6X4M8"
Antonio Holder,971 409 847,10/13/1992,"607 King Prairie Apt. 387, Alexandertown, NB M9S 7G9"
Tina Jordan,137 098 002,11/30/1934,"955 Anthony Inlet Suite 295, Wandaburgh, QC K7J9B4"
Tim Williams,369 760 413,06/05/2001,"96475 Ross Terrace, Christophermouth, QC E7G 6J5"
Jonathan Schneider,848 213 598,10/17/1975,"085 Ortiz Dam, North Elizabethstad, AB T8Y3G1"
Steven Bauer,723 734 500,11/14/2004,"195 Mclaughlin Parkway Apt. 267, North Benjamin, NB Y8L5P6"
Victoria Mcdowell,397 041 817,11/23/1952,"226 Reed Shore, Hansonborough, AB H4E5Y6"
Emily Diaz,350 137 736,05/21/2003,"1077 Justin Centers, Lake Tiffanystad, PE T2Y 9C7"
Hunter Peterson,773 057 485,04/01/1993,"545 Nancy Plaza Apt. 331, Robertsmouth, AB B7A 9K7"
Matthew Clark,682 428 810,01/19/1960,"2701 Martinez Glens, Andreachester, NB P2E 6G2"
Rachel Elliott,276 417 024,07/25/1989,"95153 Don Road, West Evan, AB P1A2B3"
Katrina Brooks,920 244 311,02/29/1940,"2642 James Wall Suite 546, Gomezstad, SK N8B 5G5"
Joanne Russell,028 123 544,12/31/1996,"768 Patricia Court Apt. 529, Port Christinamouth, BC T3K7L8"
David Riley,951 101 388,09/27/1941,"4059 Parker Ford, Lake Carla, YT M9A 3G8"
Courtney Calhoun,694 455 807,12/20/1943,"715 Sean Trace, Port Aaron, SK R6V 8A4"
Cassandra Watson,230 065 087,03/01/2000,"053 Winters Common, Tranburgh, SK V1G6A8"
Jessica Phillips,694 684 386,01/05/1970,"82289 Glenn Unions, East Mark, ON B8A7B7"
Caitlin Morrow,718 535 040,12/29/1987,"13206 Chapman Estate Suite 360, Lake Cynthiaport, BC J5A 4M6"
Brian Brown,521 126 769,12/16/1933,"44731 Sloan Loop, Jarvismouth, NL X2G3X5"
Jesus Burns,803 950 196,10/22/1947,"48307 Kim Crest, Port Joshuaborough, NT G5J 5H9"
Vickie Sanders,376 333 779,10/27/1981,"2112 Bush Isle Apt. 159, Mathewview, NB B9B1N3"
Thomas Brooks,756 149 327,11/10/1981,"900 Maria Roads, East Ronaldview, PE R4A5N4"
Ryan Wright,414 585 588,01/10/1974,"956 Daniel Prairie Apt. 986, East Saratown, NU T8Y3N2"
Nathaniel Daugherty,573 065 627,11/23/1934,"348 Wise Wall, Lake Stevenhaven, NS E5B 8N7"
Valerie Anderson,201 229 050,05/10/2002,"9280 Sweeney Viaduct Apt. 715, Woodsfurt, QC S5G6J9"
Kelsey Waller,435 168 164,09/14/1938,"4619 Mark Mill, New Sharonchester, NB E5T1K7"
Susan Lee,701 602 056,09/29/1964,"39088 Boyd Ferry, Marcusport, QC J5P 3G7"
Sean Booth,236 163 180,07/11/1968,"567 Aguilar Overpass Suite 486, Fordland, NT N7M5N4"
Kenneth Williamson,377 697 226,12/12/1994,"18262 Danielle Extension, Port Jessicafort, ON J8N 8N8"
Crystal Mcdowell,285 242 537,01/14/1976,"488 Phillips Mill Apt. 236, Kramerport, BC J4L7H3"
James Ward,208 195 616,06/06/1970,"017 Matthew Fork, East Johnville, NU R8B9E9"
Brandon Bell,995 308 096,07/11/1950,"448 Pamela Trace Suite 772, East Jacob, QC H7E5V4"
Carlos Jackson,169 316 144,01/26/1948,"4424 Brown Spring Apt. 631, Heatherchester, NL E1A3N9"
Taylor Smith,570 787 664,07/10/1977,"00141 Warren Mall Suite 402, Smithport, NT S6R 7C2"
Anthony Ramirez,954 105 756,09/22/1967,"2570 Jenkins Meadows, Lake Aprilstad, NL X6J1A3"
Timothy Clarke,912 382 862,01/29/1939,"09382 Johnson Roads Apt. 866, New Jeanne, NS A2B 5M7"
Danielle Tyler DVM,213 382 218,01/03/1935,"927 Cindy Ville Suite 693, Michaelside, ON A2A 2C2"
Julia Wolfe,946 906 063,08/26/2002,"97766 Jessica Well, North Tina, NB S2C6A9"
Christine Nelson,266 690 430,02/12/1964,"938 Kevin Club Apt. 074, Donaldton, NL S5P9P9"
Maurice Li,221 481 334,05/25/1957,"8022 Ryan Parks Suite 679, West Amanda, SK X1G1J9"
Brandon Ball,733 342 090,06/23/1941,"691 Smith Island Apt. 271, Port Robert, NS Y8R 1Y1"
Maria Bailey,668 023 330,04/13/1972,"9953 Kathleen Ports Apt. 803, Perrychester, MB C7T1N5"
Brandon Lopez,655 426 120,10/09/1962,"290 Mitchell Lodge Suite 002, Greenmouth, NB R6C6P9"
Brianna Cox,573 970 240,11/27/1975,"3708 Lisa Crossroad, Douglasmouth, NT V1V 2V9"
Joseph Soto,503 067 051,10/14/1951,"0632 Trevor Ferry, East Margaretmouth, YT Y7M9E5"
Louis Washington,911 610 467,11/13/1949,"9963 Novak Locks Suite 934, Stephanieport, MB T8R 5M9"
Samantha Tucker,198 288 119,10/29/1965,"07090 David Isle Suite 200, Weaverville, YT R7X1J9"
Julie Anderson,375 298 188,12/01/1968,"4037 Noble Valley, Harrisonborough, YT Y2Y1G8"
Jason Anderson,643 324 533,05/23/1967,"6369 Mosley Knoll Suite 501, New Christopher, NS V8Y 6S1"
Nicole Molina,794 063 558,06/01/2001,"91186 Patterson Mission Suite 425, Phillipsshire, AB A7T 8K9"
Susan Murray,272 695 646,06/24/1979,"87320 Phillips Turnpike Suite 569, North Joseph, BC C1R6H2"
Alyssa Bray,538 017 597,11/09/1948,"0296 Cunningham Extension, Thompsonhaven, SK K8L9J4"
Dustin Brooks,277 934 038,02/22/2005,"0378 Angela Mission, East Christie, MB X2L 1K9"
Deborah Brooks,291 600 648,11/09/1980,"3074 Jackson Street Apt. 731, Lake Karen, NU H9P3N4"
Taylor Garcia,399 577 966,12/13/1947,"1635 West Locks, Peterston, NT A7S3G7"
Ruth Spencer,705 902 315,11/02/1933,"3520 Julia Well Suite 804, Brettstad, NS B2M1A6"
Joshua Mcdaniel,423 887 380,04/21/1970,"88686 Reilly Keys Apt. 182, Port Katie, SK C6J2R5"
Felicia Lopez,677 024 389,01/28/1937,"90363 Craig Roads, Port Ann, NB J6J6H8"
Rachel Aguilar,938 018 142,07/27/1993,"25722 Michael Crossroad Suite 693, South Rebeccaport, PE M5K7N3"
Kelly Wheeler,744 766 942,01/08/1995,"8829 Jones Ranch Suite 381, Dianemouth, NT B7E 6M2"
Thomas Rodriguez,576 273 057,10/17/1944,"962 Cunningham Neck Apt. 029, Potterport, BC M6X9T3"
Melanie Huynh,377 410 457,04/01/1947,"01223 Evans Key Apt. 158, Carsonton, NU B7P 6E1"
Anthony Mccoy,907 236 234,07/23/1989,"69907 Cohen Mill Suite 374, Anitaburgh, SK T7L6P9"
Hannah Avila,419 151 901,06/12/1975,"292 Pratt Spur Suite 971, North Lance, NL H5C 2Y5"
Jesse Matthews,432 410 038,01/12/1960,"36799 Brianna Ridges Suite 230, Gonzalesside, NB R7Y2N6"
Karen Anderson,288 137 316,07/05/1966,"34459 Branch Rapids Apt. 573, Raventown, ON R7L1E8"
Mr. Christopher Ellis DVM,662 700 353,01/20/1947,"178 Silva Neck Apt. 360, North Angela, NT N6S4H3"
Jordan Coleman,738 064 045,08/17/1957,"9549 Knight Divide Suite 484, Port Charles, NU E5M6M6"
Christine Jones,387 071 553,08/26/1981,"098 Anna Mill Suite 520, New Timothyton, PE C6L 4T9"
Amy Weeks,597 393 527,10/15/1933,"04833 Castillo Field, Brownhaven, ON Y3M 5Y7"
Jennifer King,727 066 995,08/06/1935,"29436 Miles Court Suite 705, North Michelleburgh, SK K5E7R2"
Angela Nguyen,998 571 681,12/06/1996,"445 Mark Inlet, South Jamie, NB K4S 5Y9"
Jeffrey Watts,196 174 677,06/25/1942,"52513 Williams Green Apt. 009, New Brianna, NS R9A 6C8"
Joshua Anderson,452 114 845,07/06/1959,"0458 Ortiz Fall, West Christophermouth, BC A7Y 8M8"
Michelle Ward,313 428 136,11/03/1991,"442 Courtney Orchard, Angelafurt, NU T7K2S4"
Cameron Rangel,434 147 601,07/30/1998,"0678 Frye Crossroad, North Jeremy, NT L2Y2Y8"
Luke Carroll,102 607 682,07/04/1960,"556 Mendez Point Apt. 902, Monroeburgh, YT Y7R2B4"
Daniel Jones,012 956 434,07/16/1971,"80596 Tim Port Apt. 172, Ryanville, SK X8C 2E8"
Erica Shelton,635 810 682,06/27/1984,"49023 Mary Extensions Suite 760, Port Carriefurt, NS X4K 1R5"
