Name,Date of Birth,Address
Amanda Owens,07/01/1935,"8716 Michael Village Apt. 156, North Lindseyborough, NB M7B9C4"
Rebecca Green,04/24/1940,"133 Andrew Ports Suite 321, Lopezstad, MB C7K8P8"
Joshua Kelley,06/02/1975,"70368 Robin Causeway Suite 381, Carterhaven, NL J6L 4L7"
Kaitlin Baker,07/04/1960,"75373 Dawn Lock, Jillianside, NS T4Y 2B4"
Joanna Baker,01/25/1963,"45594 Edwin Course Apt. 259, Eugeneville, NT V9L3K5"
Jason Harvey,12/11/2003,"123 Wayne Haven Suite 328, Rodriguezport, PE M7L 5G1"
Teresa Hernandez,03/11/2004,"6614 Jennifer Walk Apt. 721, Port Daniel, NB P2G 3G8"
Kelly Atkins,06/06/1953,"174 Cabrera Street, Aprilland, PE A3K 7M4"
Angela Warren,07/17/1995,"48745 Melissa Ramp, South Timothyview, NB E2X 6L2"
Robert Flores,01/05/1966,"919 Shawn Mount, New Laura, AB J2X 2M8"
Andrew Charles,10/15/1979,"3851 Brown Station, Port Shellyfort, YT C2Y 6E3"
Tyler Norton,04/03/1975,"76275 Rodriguez Fort, Ashleyville, QC N5J8V5"
Christina Johnson,11/30/1989,"34076 Riley Cape Suite 067, West Joanview, YT M2C 2A4"
Robin Anderson,04/08/1990,"79472 Michael Forest Suite 039, Davisfort, QC A5H5L7"
Mark Walton,02/17/1988,"10965 Wiley Prairie, Russellton, YT R3M4P2"
Lawrence Johnson,04/16/1978,"365 Hood Street Suite 813, Brendaland, PE S1A5B1"
Jason Ruiz,06/12/1933,"3599 Barrett Shore, New Wendyton, NT X4V5X4"
James Reyes,05/21/1964,"048 Owens Pine Suite 538, Breannamouth, PE S4V 1G7"
David Thomas,11/26/1938,"757 Daryl Expressway, Lake Sheila, PE T6G 9R5"
Ann Holmes,05/18/1957,"19673 Coleman Valley Suite 300, East Cynthiahaven, BC H3A 3Y4"
Samantha Brown,09/17/1990,"7778 Christina Shoals, North Kevin, QC J8K3N8"
Elizabeth Hudson,08/04/1962,"23896 Miles Mission, Robertshaven, NB H4J 7S3"
Dave Gardner,09/24/2002,"14229 Jones Falls, North Billyburgh, NT X7N 8G9"
Tara Reilly,03/22/1958,"9713 Hunter Lock, North Brandi, ON G2B9C1"
Adrian Velez,12/23/1958,"29791 Mary View Suite 705, Amandaside, NT H9Y 9Y4"
Elizabeth Martinez,02/23/1970,"017 Phillips Prairie, Gordonville, BC A3E8T2"
John Ramirez,12/18/1999,"251 Jonathon Shores, Bobbystad, AB G5H 2J4"
Natasha Neal,08/07/1956,"0151 John Plains Suite 082, Monicafort, ON T8R 2G2"
Kayla Hebert,11/02/1965,"435 Steven Estate Suite 008, Christianfurt, QC P3T9C9"
Jonathan Goodman,08/13/1943,"168 Christopher Fort Apt. 728, Johnfort, NU K8R6B4"
Michael Cox,09/22/1948,"997 Steele Track Apt. 641, North Nicolebury, AB V5J 9S5"
Elizabeth Davis,04/16/1984,"98947 Michael Point, North Davidtown, BC K7G4L5"
Lisa Stephens,08/28/2001,"125 Smith Canyon, Davidstad, QC B1M 1E4"
Heather Martin,11/08/1990,"50384 Cameron Road, Davisview, BC V7C1S2"
Krystal Cabrera,07/21/1983,"6784 Cordova Drive, Johnsonside, QC M4J4E7"
Catherine Gross,01/06/1968,"9536 Bryant Wall Suite 769, West Charles, BC R1P2G6"
Amanda Cooper,12/09/1972,"48130 Anthony Falls Suite 881, Lake Kristatown, MB C1Y4X4"
Douglas Jackson,12/19/1972,"0812 Long Burg Suite 015, Whitehaven, NS K2N7N5"
Molly Griffith,09/19/1978,"56541 Tara Haven, New Kiara, NT S2B 3H5"
James Wilson,10/30/1984,"0295 Camacho Isle Suite 689, Hannahmouth, SK G4T 3A9"
Lindsey Harris,08/29/1991,"2885 Ryan Center Suite 926, New Sandraborough, ON X4V3L3"
Ryan Mills,08/02/1956,"433 Roger Mission, Deleonchester, BC H1A9L2"
Kristen White,08/25/1936,"049 Williams Green Apt. 667, Stephanieshire, BC L5Y 2A1"
Mr. Jeff Anderson,12/12/1945,"82565 Welch Mills Apt. 227, New Diane, SK V2P3T9"
Jill Farrell,02/12/1967,"76737 Louis Shore, Rebeccaside, NL M9J6B1"
Jeff Miles,02/08/1941,"604 Joshua Cape, Lake Eugeneborough, NS T4T8R9"
Bridget Haley,07/20/1974,"28590 Chapman Mews, Port Brianville, NS S9E 1S4"
Andrew Kim,08/05/1993,"453 Collins Extension, Burchfort, AB Y9R2N7"
Brenda Marquez,10/12/1969,"229 Price Drive, North Christina, QC T7N 6J2"
Leah Martinez,09/04/1968,"090 Isaiah Ranch Apt. 757, Campbellburgh, QC X4K 7S9"
Sandra Barr,05/18/1978,"585 Gill Mall, Mcbridetown, NT M5M 8K2"
Jimmy Espinoza,11/18/1956,"323 Adams Gateway, Port Jeremy, NL K4H 1X1"
David Kent,08/12/1966,"173 Marshall Plaza, Randallport, NB N8B 1T5"
Jessica Arnold,10/12/2002,"7713 Bradley Vista, North Henry, NS J7G 8Y9"
George Norman,06/11/1949,"40304 Tyler Spring Suite 487, Lake Lori, MB A8R7X9"
Matthew Lewis,08/09/1942,"901 Gray Fields Suite 882, Gonzalezview, ON H8J 3H3"
Jacob Simmons,05/08/1965,"121 Richard Branch, Cortezbury, YT X7X1J8"
Fernando Peterson,03/18/1979,"9615 Wright Meadow Suite 196, Lake Edward, AB L6X 9Y4"
Amanda Anderson,02/16/1934,"8957 Antonio Cliff Suite 579, Leonardside, NT C9V6K2"
Patricia Nguyen,09/28/1996,"1081 Adkins Ports Apt. 941, South Wesleyhaven, QC L3B 7R4"
John Kaiser,08/23/1974,"49002 Williams Ports Apt. 064, Jamesland, PE Y2P9J8"
Mark Palmer,10/19/1985,"9419 Zachary Walks, Port John, BC S9V7V1"
Connie Lane,09/10/1981,"974 Castro Canyon, Debbieland, NT N5G 9B5"
Christina Graves,12/13/1978,"35662 Christopher Shoal Suite 368, Youngchester, NL L3P7Y4"
Emily Rice,09/14/1950,"50591 Reed Circle, Gainestown, ON M7N 3V6"
Jimmy Lester,07/11/1978,"071 Yolanda Pike, Warrenland, NB C5B 4L8"
Jason Rivera,08/28/2001,"664 Turner Ridges Suite 195, Fisherborough, ON M2X2J9"
David Carrillo,08/29/2003,"954 Flores Shore, Joshuastad, NT A3H3K4"
Robert Diaz,05/26/1954,"27866 Mullen Manor, Anthonyport, ON H8X 5K9"
Daniel Morrison,02/21/2003,"0663 Jacqueline Park, Lake Jeffreyfurt, MB Y3T6G3"
Jennifer Hamilton,11/16/1954,"7796 Coleman Views, Port Michelle, NL R2A3V6"
Jason Archer,02/15/1994,"42351 Estrada Motorway, Tamifurt, NS L7E3Y7"
Corey Blanchard,11/28/1995,"4896 Daniels Brook Suite 233, New Joe, PE Y9P 7V8"
Michael Hunter,02/20/1979,"481 Gregory Plain, Walkertown, NS R5V3R9"
Jorge Carr,11/08/1980,"57572 Rollins Station Suite 385, New Rebecca, NB A3L8B3"
Alexander Cole,02/14/1954,"32108 Aaron Meadow Suite 196, West Aliciabury, ON C4R7E9"
Tina Gallegos,01/01/1999,"24707 Travis Mission, Michaelmouth, MB E2V 9R1"
Mark Stein,10/27/1993,"7389 Michael Fall, Briggsport, YT K7N6L9"
Joanna Pollard,05/19/1960,"28815 Smith Dale Apt. 030, West Lancemouth, PE H9L6X7"
David Mckinney,07/05/1967,"83931 David Passage, Beckerstad, BC S3S1R6"
Richard Jones,01/11/1960,"9961 Diana Wall, Lake Michaelhaven, NB N9G 7K9"
Alexandra Wolfe,11/30/1995,"080 Christine Loop, South Elizabeth, YT A2N8C5"
Cheryl Gilbert,03/08/1956,"556 Christopher Fort Apt. 454, Bellburgh, BC A1V2S5"
Andrea Fisher,10/12/1991,"4447 Mark Pike, Bowersshire, AB K7R3C8"
Lisa Flowers,03/01/1965,"10335 Davis Curve, New Stephanie, NT S1V 8L9"
Jennifer George,05/07/1970,"809 Gabriella Points, Morrisonfurt, NT J3N 8M3"
Matthew Phillips,03/26/1989,"19329 Cindy Pass Apt. 908, Lake Charles, YT E1B 7H3"
James Long,11/02/2004,"80006 Cardenas Oval, Port Carla, NL B3N 2X9"
Charles Romero,11/13/1934,"3945 Terri Shores Suite 491, Morganmouth, PE M4M 3T1"
Juan Rodriguez,11/25/1933,"337 Taylor Vista, Brewershire, PE G7X2P7"
Allen Anderson,02/27/1998,"74749 Eugene Mountain, West Jessicashire, SK A1M 3A7"
Connie Gonzales,11/12/1934,"81900 Kristen Bypass, West Susan, NT L7B 1X3"
Darren Carr II,09/21/1976,"47158 Patricia Gardens, New Richard, NB G9E7S8"
Jessica Riley,10/04/1944,"674 Kristopher Mission Apt. 632, North Annette, YT G2V 2P4"
Elaine Campbell,01/02/1979,"73152 Jose Lock Suite 596, Jasonmouth, PE S7P 8K9"
Steven Edwards,01/22/1987,"1137 Jennifer Skyway Suite 739, Melissaton, BC N7R 5N6"
Michelle Mullins,05/06/1964,"2451 Austin Locks Suite 883, Smithchester, AB N3J 2A7"
Grant Roberts,06/24/1933,"1526 Williams Road, Port Jamiebury, AB M9B6X8"
Natasha Brady,03/14/1975,"60890 Robert Turnpike Apt. 144, South Michaelhaven, NT A3M 5K4"
Sara Ramirez,12/25/1952,"5602 Joyce Summit Suite 675, South Wayneburgh, MB L4J 8R4"
