Name,SIN
Jennifer Anderson,710 621 070
Gregory Francis,479 867 713
Evelyn Bradford,211 374 397
Keith Mora,416 453 995
Sylvia Taylor,191 177 887
Cathy Hamilton,802 630 119
Cassandra Lewis,975 856 358
Mrs. Hannah Barker,496 564 339
Kathryn Gordon PhD,248 606 636
Joshua Anderson,610 404 509
Christopher Ford,389 844 930
Holly Fowler,265 253 999
Rhonda Rios,648 225 402
Jason Sutton,514 837 914
Kenneth Johnson,015 212 616
Jackie Brandt,592 648 785
Debra Merritt,455 611 447
Linda Castro,698 200 706
Edward Ferguson,727 404 159
Daniel Trujillo,335 829 438
Taylor Chang,150 666 688
Christina Gibson,650 039 906
James Jackson,602 672 697
Cory Gonzales,020 166 088
Savannah Bates,150 567 855
Emily Johnson,516 882 897
Austin Coleman,444 603 463
Renee Alexander,962 954 433
Melissa Bradshaw,282 118 031
Matthew Rojas,491 410 944
Sandra Anderson,314 712 007
Karen Sims,729 859 223
Tara Smith,980 117 934
Francis Newton,937 307 385
Brett Oconnor,376 930 336
Taylor Olson,358 200 877
Sarah Rivera,501 911 613
Stephanie Trevino,507 633 852
Denise Meyers,061 597 212
Kimberly Russo,508 490 267
Mary Ortiz,795 707 742
Corey Stephens,925 438 312
Christopher Shields,779 628 805
Garrett Yates,749 939 786
Kristine James,246 792 724
Brandon Warren,439 440 792
David Grimes,374 421 144
Bradley Kim,281 778 796
Sherry Bright,982 950 243
Mary Curry,961 047 073
Linda Flores,494 264 808
Joseph Peters,590 010 090
Michelle Thornton,944 979 378
Robyn Morales,220 099 489
Nicole Wallace,278 910 015
Cindy Ramos,247 300 917
Laura Contreras,918 841 517
Jennifer Wilson PhD,008 264 897
Jesse Frank,173 281 608
Donna Thomas,198 854 925
Ann Owens,968 470 734
Rebecca Lane,732 904 823
Kimberly Hurst,564 291 043
Jim Foster,694 560 888
Peter Hanson,816 400 933
Anna Anderson,205 585 634
Michael Lang,176 965 593
Marissa Rojas PhD,069 318 375
Joseph Oconnell PhD,792 329 084
Angela Flowers,522 703 362
Autumn Taylor,707 375 033
Robert Anderson DVM,303 701 564
James Mason,731 661 131
Mr. Richard Matthews,117 392 934
Savannah Perez,499 477 577
Michael Swanson,694 424 509
James Rubio,244 919 124
Wayne Payne,528 092 884
William Jordan,914 928 329
Eric Walker,006 285 728
Samuel Huff,438 519 970
John Graham,840 352 331
Danny Murray,702 069 092
Mr. Christopher Bender DDS,625 935 996
Lisa Griffin,579 946 018
Dennis Rowe,549 128 661
James Stout,556 761 332
Kerry Khan,991 427 060
Michael Dougherty,722 460 405
Jonathan Walton,292 225 340
James Russell,627 445 490
Kristina Odonnell,588 685 972
Michael Terrell,626 313 815
Lori Brady,849 700 102
James Shaffer,847 471 600
Cassandra Hoffman,602 541 075
Samantha Smith,509 028 655
Kaylee Carter,885 931 290
Lisa Lynch,964 721 432
Ryan Baldwin,713 602 141
